<?xml version="1.0" encoding="utf-8"?>
<Module version="1">
    <Name>InstaFizz_Optix_1UserDefinedModule</Name>
    <Company></Company>
    <Version>0.0.0</Version>
    <MinUpgradableVersion>0.0.0</MinUpgradableVersion>
    <Binding name="Net" />

    <Namespaces/>

    <Dependencies>
        <Core version="0.0.0" />
        <Binding version="0.0.0" />
        <Module name="FTOptix.HMIProject.Net" version="0.0.0" />
    </Dependencies>

    <Nodes/>

    <TypeMappings>
        <TypeMapping>
            <TargetType>
                <NodeId namespaceUri="InstaFizz_Optix_1" guid="9d7c38cf47d45cd282db82b478ed5f5d" />
            </TargetType>
        </TypeMapping>
        <TypeMapping>
            <TargetType>
                <NodeId namespaceUri="InstaFizz_Optix_1" guid="b81028049b6d72ba15252331a5762ab1" />
            </TargetType>
        </TypeMapping>
        <TypeMapping>
            <TargetType>
                <NodeId namespaceUri="InstaFizz_Optix_1" guid="81032b0e6a74d3c4080ff9b331edf5cf" />
            </TargetType>
        </TypeMapping>
        <TypeMapping>
            <TargetType>
                <NodeId namespaceUri="InstaFizz_Optix_1" guid="ae3dc24d2ef9e8c662879a01eece8960" />
            </TargetType>
        </TypeMapping>
        <TypeMapping>
            <TargetType>
                <NodeId namespaceUri="InstaFizz_Optix_1" guid="7c399c94ce06f8436a77abcdb044b0eb" />
            </TargetType>
        </TypeMapping>
        <TypeMapping>
            <TargetType>
                <NodeId namespaceUri="InstaFizz_Optix_1" guid="921348e482deb0389f83ad2edbcc06e3" />
            </TargetType>
        </TypeMapping>
        <TypeMapping>
            <TargetType>
                <NodeId namespaceUri="InstaFizz_Optix_1" guid="4d5ec6b9b5382f5e67652d1a2757b59e" />
            </TargetType>
        </TypeMapping>
        <TypeMapping>
            <TargetType>
                <NodeId namespaceUri="InstaFizz_Optix_1" guid="f45352bda509d6e75fdf8399a71ceb19" />
            </TargetType>
        </TypeMapping>
        <TypeMapping>
            <TargetType>
                <NodeId namespaceUri="InstaFizz_Optix_1" guid="981e630384970eeda4d76be0b67b583e" />
            </TargetType>
        </TypeMapping>
        <TypeMapping>
            <TargetType>
                <NodeId namespaceUri="InstaFizz_Optix_1" guid="1a48e1b25c22214b229f0462ca54fb56" />
            </TargetType>
        </TypeMapping>
        <TypeMapping>
            <TargetType>
                <NodeId namespaceUri="InstaFizz_Optix_1" guid="aebc8a51a342312769901f28dace275c" />
            </TargetType>
        </TypeMapping>
        <TypeMapping>
            <TargetType>
                <NodeId namespaceUri="InstaFizz_Optix_1" guid="57adaf34cecc8f4d3945b44f83322f4a" />
            </TargetType>
        </TypeMapping>
        <TypeMapping>
            <TargetType>
                <NodeId namespaceUri="InstaFizz_Optix_1" guid="09f7ebde579bcf776a6ff384673fa520" />
            </TargetType>
        </TypeMapping>
        <TypeMapping>
            <TargetType>
                <NodeId namespaceUri="InstaFizz_Optix_1" guid="a795a035a7130008e2c4c63ceffa7345" />
            </TargetType>
        </TypeMapping>
    </TypeMappings>

    <Behaviors>
        <Behavior guid="f0d00f0d355b915e9945f34db35e98d6">
            <Targets>
                <Target startPriorityAlias="NetLogic">
				     <NodeId namespaceUri="InstaFizz_Optix_1" guid="b81028049b6d72ba15252331a5762ab1" />
                </Target>
            </Targets>
        </Behavior>
    </Behaviors>
</Module>
